[
  {
    "UID": 0,
    "Name": "Кетанал",
    "Properties": ""
  },
  {
    "UID": 1,
    "Name": "Пенталгин",
    "Properties": ""
  },
  {
    "UID": 2,
    "Name": "Ношпа",
    "Properties": ""
  },
  {
    "UID": 3,
    "Name": "Анальгин",
    "Properties": ""
  },
  {
    "UID": 4,
    "Name": "Грипферон",
    "Properties": ""
  },
  {
    "UID": 5,
    "Name": "Тизин",
    "Properties": ""
  },
  {
    "UID": 6,
    "Name": "Кетанов",
    "Properties": ""
  },
  {
    "UID": 7,
    "Name": "Тавигил",
    "Properties": ""
  },
  {
    "UID": 8,
    "Name": "Линекс",
    "Properties": ""
  },
  {
    "UID": 9,
    "Name": "Маалокс",
    "Properties": ""
  },
  {
    "UID": 10,
    "Name": "Гивескон",
    "Properties": ""
  },
  {
    "UID": 11,
    "Name": "Настойка календулы",
    "Properties": ""
  },
  {
    "UID": 12,
    "Name": "Перекись водорода",
    "Properties": ""
  },
  {
    "UID": 13,
    "Name": "Похмелин",
    "Properties": ""
  },
  {
    "UID": 14,
    "Name": "Лазолван",
    "Properties": ""
  },
  {
    "UID": 15,
    "Name": "Граммин",
    "Properties": ""
  },
  {
    "UID": 16,
    "Name": "Ларипронт",
    "Properties": ""
  },
  {
    "UID": 17,
    "Name": "Нурофен",
    "Properties": ""
  },
  {
    "UID": 18,
    "Name": "Амоксиклав",
    "Properties": ""
  },
  {
    "UID": 19,
    "Name": "Имудон",
    "Properties": ""
  },
  {
    "UID": 20,
    "Name": "Имодиум",
    "Properties": ""
  },
  {
    "UID": 21,
    "Name": "Тантум Верде",
    "Properties": ""
  },
  {
    "UID": 22,
    "Name": "Терафлю",
    "Properties": ""
  },
  {
    "UID": 23,
    "Name": "Аспирин",
    "Properties": ""
  },
  {
    "UID": 24,
    "Name": "Глазалин",
    "Properties": ""
  },
  {
    "UID": 25,
    "Name": "Нафтизин",
    "Properties": ""
  },
  {
    "UID": 26,
    "Name": "Ирифрин",
    "Properties": ""
  },
  {
    "UID": 27,
    "Name": "Черника Форте",
    "Properties": ""
  },
  {
    "UID": 28,
    "Name": "Бисептол",
    "Properties": ""
  },
  {
    "UID": 29,
    "Name": "Бромгиксин",
    "Properties": ""
  },
  {
    "UID": 30,
    "Name": "Назарел",
    "Properties": ""
  },
  {
    "UID": 31,
    "Name": "Ринофлуимуцил",
    "Properties": ""
  },
  {
    "UID": 32,
    "Name": "Лиотон",
    "Properties": ""
  },
  {
    "UID": 33,
    "Name": "Вольтарен",
    "Properties": ""
  },
  {
    "UID": 34,
    "Name": "Фенистил",
    "Properties": ""
  },
  {
    "UID": 35,
    "Name": "Ибупрофен",
    "Properties": ""
  },
  {
    "UID": 36,
    "Name": "Назанекс",
    "Properties": ""
  },
  {
    "UID": 37,
    "Name": "Полидекса",
    "Properties": ""
  },
  {
    "UID": 38,
    "Name": "Изофра",
    "Properties": ""
  },
  {
    "UID": 39,
    "Name": "Ирс-19",
    "Properties": ""
  }
]